data,produs,titlu_oferta,pret_nou,pret_vechi,magazin,categorie,card_necesar
2026-10-01 20:53,Lapte,Buggy Pufuleti Lapte,1.09,1.55,Selgros,,NU
2026-10-01 20:53,Piept de pui,Mușchiuleț din piept de pui,2.69,,Lidl,,NU
2026-10-01 20:53,Somon,Friskies Cat Plic Somon,1.85,2.0,Selgros,,NU
2026-10-01 20:53,Pepsi,"Pepsi Zero Twist Cu Gust De Lamaie Bautura Rac. Carbogaz.cu Suc De Lamaie,cu Indulcit.doza",3.14,4.49,Penny,,NU
2026-10-01 20:53,Caju,ALESTO Caju prăjit,7.29,,Lidl,,NU
2026-10-01 20:53,Paine,"Topseller Paine Alba, Feliata",2.02,2.19,Selgros,,NU
2026-10-01 20:53,Paine cu seminte,Paine cu seminte feliata fara gluten Balviten,9.99,13.99,Auchan,,NU
2026-10-01 20:53,Iaurt grecesc,Olympus Iaurt Grecesc Fara Lactoza,3.34,3.55,Metro,,NU
2026-10-01 20:53,Nuci,Aro Miez De Nuca,5.51,6.9,Metro,,NU
2026-10-05 20:07,Lapte,Buggy Pufuleti Lapte,1.09,1.55,Selgros,,NU
2026-10-05 20:07,Piept de pui,"Piept de pui, dezosat, fără piele",2.99,3.29,Lidl,,NU
2026-10-05 20:07,Somon,Friskies Cat Plic Somon,1.85,2.0,Selgros,,NU
2026-10-05 20:07,Paine cu seminte,Paine cu seminte feliata fara gluten Balviten,9.99,13.99,Auchan,,NU
2026-10-05 20:07,Paine,Kubetti Cuburi De Paine Coapta Aroma De Pizza,1.2,1.9,Selgros,,NU
2026-10-05 20:07,Iaurt grecesc,Olympus Iaurt Grecesc Fara Lactoza,3.34,3.55,Metro,,NU
2026-10-05 20:07,Pepsi,"Pepsi Zero Twist Cu Gust De Lamaie Bautura Rac. Carbogaz.cu Suc De Lamaie,cu Indulcit.doza",3.14,4.49,Penny,,NU
2026-10-05 20:07,Caju,Fine Life Caju Prajit,9.28,9.77,Metro,,NU
2026-10-05 20:07,Nuci,Aro Miez De Nuca,5.51,6.9,Metro,,NU
